firstName,lastName,email
Alice,Johnson,alice.j@example.com
Bob,Smith,bob.s@example.com
Charlie,Brown,charlie.b@example.com
Diana,Prince,diana.p@example.com
Ethan,Hunt,ethan.h@example.com
Fiona,Glenanne,fiona.g@example.com
Gregory,House,gregory.h@example.com
Hannah,Baker,hannah.b@example.com